Hub Name,Location,Contact Email,Phone,Address,Website,Key Contact Person,Specialization Areas,Partnership Priority,Strategic Value
Cambridge Biomedical Campus,"Cambridge, UK",hello@cambridge-biomedical.com,+44 1223 348490,"Hills Road, Cambridge, CB2 0QQ, United Kingdom",https://cambridge-biomedical.com/,Industry Partnerships Team,"[Genomics, Precision Medicine, Clinical Research, Medical Devices]",High,"World-leading genomics research hub, established university partnerships, advanced clinical trials infrastructure"
Singapore Biopolis,Singapore,attract@sbic.a-star.edu.sg,+65 6478 8298,"30 Biopolis Street, Singapore 138671",https://www.a-star.edu.sg/,Christopher Leck - Chief International Partnerships Officer,"[Biomedical Research, Drug Discovery, Biomarkers, International Collaboration]",High,"Gateway to Asia-Pacific market, strong government backing, multinational pharma presence"
Research Triangle Park,"North Carolina, USA",communications@rtp.org,+1 919 541 9366,"700 Park Offices Drive, Suite 007, Research Triangle Park, NC 27709",https://www.rtp.org/,RTP Foundation Partnership Team,"[Biotechnology, Pharmaceuticals, Medical Devices, University Collaboration]",High,"Largest research park in North America, strong industry-academia model, established success framework"
Boston Biotech Cluster (MassBio),"Boston/Cambridge, Massachusetts, USA",info@massbio.org,+1 617 674 5100,"300 Technology Square, Cambridge, MA 02139",https://www.massbio.org/,Partnership Development Team,"[Biotech Innovation, Drug Development, Venture Capital, Startup Ecosystem]",High,"World's largest biotech cluster, extensive VC network, leading universities, mature ecosystem"
Medicon Valley Alliance,"Copenhagen, Denmark / Malmö, Sweden",mva@mva.org,+45 70 20 15 03,"Arne Jacobsens Allé 15, 2., DK-2300 Copenhagen S, Denmark",https://mva.org/,David Munis Zepernick - Head of Communication & Public Affairs,"[Life Sciences, Medical Technology, Cross-border Collaboration, Nordic Innovation]",High,"Cross-border collaboration model, strong pharma presence, Nordic healthcare expertise"
Switzerland Innovation Park Basel Area,"Basel, Switzerland",baselarea@switzerland-innovation.com,+41 61 577 23 16,"Hegenheimermattweg 167A, 4123 Allschwil, Switzerland",https://sip-baselarea.com/,Partnership Development Team,"[Pharmaceuticals, Life Sciences, Healthcare Technology, Innovation]",High,"Home to major pharma companies (Novartis, Roche), regulatory expertise, European market access"
Oxford Science Park,"Oxford, UK",info@oxfordsp.com,+44 1865 784466,"Robert Robinson Avenue, Oxford OX4 4GA, United Kingdom",https://oxfordsp.com/,Business Development Team,"[Technology Transfer, Life Sciences, Medical Devices, University Spin-offs]",Medium,"University of Oxford connection, technology transfer expertise, strategic UK location"
Heidelberg Technology Park,"Heidelberg, Germany",info@technologiepark-heidelberg.de,+49 6221 649 0,"Technologiepark Heidelberg, Im Neuenheimer Feld 583, 69120 Heidelberg",https://www.technologiepark-heidelberg.de/,International Partnerships Team,"[Biotechnology, Life Sciences, Medical Technology, Cancer Research]",Medium,"German biotech expertise, cancer research focus, European market position"
Wellcome Genome Campus,"Cambridge, UK",hello@wellcomegenomecampus.com,+44 1223 834244,"Wellcome Genome Campus, Hinxton, Cambridge, CB10 1SA",https://www.wellcomegenomecampus.org/,Partnerships and Projects Team,"[Genomics, Computational Biology, Data Science, Global Health]",High,"World-leading genomics research, data science expertise, global health focus"
Montreal Biotech Cluster,"Montreal, Canada",info@montreal-biotech.com,+1 514 636 6414,"Montreal, Quebec, Canada",https://www.montreal-biotech.com/,Business Development Team,"[Biotechnology, Pharmaceuticals, Medical Devices, AI in Healthcare]",Medium,"North American market access, bilingual advantage, government support"
Tel Aviv Biotech Hub,"Tel Aviv, Israel",office@cbi.co.il,+972 3 612 1616,"Azrieli Center, Triangle Building 45th flr., Tel Aviv 67023, Israel",https://www.cbi.co.il/,Partnership Development Team,"[Digital Health, Medical Technology, Precision Medicine, Innovation]",High,"Middle East hub, innovation culture, digital health expertise, regional proximity"
San Francisco Bay Area Life Sciences,"San Francisco, California, USA",info@bayarealifesciences.org,+1 415 000 0000,"San Francisco Bay Area, California, USA",https://www.bayarealifesciences.org/,Regional Partnership Team,"[Biotech Innovation, Digital Health, Venture Capital, Technology]",High,"Silicon Valley proximity, venture capital access, technology integration"
San Diego Biotech Cluster,"San Diego, California, USA",info@biocom.org,+1 858 455 0300,"San Diego, California, USA",https://www.biocom.org/,Partnership Development Team,"[Biotechnology, Medical Devices, Therapeutics, Clinical Trials]",Medium,"Major biotech hub, clinical trials expertise, industry concentration"
BioMed Realty International,"San Diego, California, USA",info@biomedrealty.com,+1 858 485 9840,"4570 Executive Drive Suite 400, San Diego, CA 92121",https://www.biomedrealty.com/,International Partnerships Team,"[Real Estate Solutions, Infrastructure Development, Life Sciences Facilities]",Medium,"Infrastructure expertise, global presence, facility development experience"
Philadelphia Life Sciences Cluster,"Philadelphia, Pennsylvania, USA",info@philadelphialifesciences.org,+1 215 000 0000,"Philadelphia, Pennsylvania, USA",https://www.philadelphialifesciences.org/,Regional Development Team,"[Pharmaceuticals, Cell and Gene Therapy, Clinical Research]",Medium,"Cell and gene therapy leadership, clinical research capabilities"
London Life Sciences Cluster,"London, UK",info@londonlifesciences.com,+44 20 0000 0000,"London, United Kingdom",https://www.londonlifesciences.com/,Partnership Development Team,"[Life Sciences, Financial Services, Regulatory Affairs, International Trade]",Medium,"Financial center, regulatory expertise, international business hub"
Shanghai Biotech Hub,"Shanghai, China",info@shanghailifesciences.cn,+86 21 0000 0000,"Shanghai, China",https://www.shanghailifesciences.cn/,International Cooperation Team,"[Traditional Medicine, Modern Therapeutics, Manufacturing, Research]",High,"Chinese market access, traditional medicine expertise, manufacturing capabilities"
Tokyo Life Sciences Cluster,"Tokyo, Japan",info@tokyolifesciences.jp,+81 3 0000 0000,"Tokyo, Japan",https://www.tokyolifesciences.jp/,International Relations Team,"[Precision Medicine, Medical Devices, Aging Research, Technology]",Medium,"Japanese technology, aging population research, precision medicine"
Sydney Life Sciences Precinct,"Sydney, Australia",info@sydneylifesciences.com.au,+61 2 0000 0000,"Sydney, New South Wales, Australia",https://www.sydneylifesciences.com.au/,Partnership Development Team,"[Medical Research, Clinical Trials, Biotechnology, University Collaboration]",Medium,"Asia-Pacific access, clinical trials expertise, university partnerships"
Toronto Life Sciences Cluster,"Toronto, Canada",info@torontolifesciences.ca,+1 416 000 0000,"Toronto, Ontario, Canada",https://www.torontolifesciences.ca/,Business Development Team,"[AI in Healthcare, Digital Health, Medical Devices, Research]",Medium,"AI healthcare integration, multicultural market, North American access"